epoch,step,train_loss
0,49,0.07817955315113068
0,99,0.038871582597494125
